OperatingPoint,measurementType,sysType,jetFlavor,etaMin,etaMax,ptMin,ptMax,discrMin,discrMax,formula
3,iterativefit,central,4,0.0,2.5,20.0,10000.0,-15.0,1.1,1.0
3,iterativefit,central,5,0.0,2.5,20.0,30.0,-15.0,0.0,1.2056195735931396
3,iterativefit,central,5,0.0,2.5,20.0,30.0,0.0,0.0667986894736508,1.2056195735931396
3,iterativefit,central,5,0.0,2.5,20.0,30.0,0.0667986894736508,0.2096261323382277,14.602640717825857*(x-0.06679868947365084)*(x-0.06679868947365084)*(x-0.06679868947365084)-6.25697349839165*(x-0.06679868947365084)*(x-0.06679868947365084)+0.8936675248467054*(x-0.06679868947365084)+1.2056195735931396
3,iterativefit,central,5,0.0,2.5,20.0,30.0,0.2096261323382277,0.2802135740068961,312.54741022383047*(x-0.20962613233822774)*(x-0.20962613233822774)*(x-0.20962613233822774)-37.465264075749815*(x-0.20962613233822774)*(x-0.20962613233822774)+0.0*(x-0.20962613233822774)+1.2481663227081299
3,iterativefit,central,5,0.0,2.5,20.0,30.0,0.2802135740068961,0.3600894491105406,-38.77000790789897*(x-0.2802135740068961)*(x-0.2802135740068961)*(x-0.2802135740068961)+5.4967306593592795*(x-0.2802135740068961)*(x-0.2802135740068961)-0.6172703696682271*(x-0.2802135740068961)+1.1714178323745728
3,iterativefit,central,5,0.0,2.5,20.0,30.0,0.3600894491105406,0.4503232867769295,-16.644855981394233*(x-0.3600894491105406)*(x-0.3600894491105406)*(x-0.3600894491105406)+0.6609422142019374*(x-0.3600894491105406)*(x-0.3600894491105406)-0.48123405509416717*(x-0.3600894491105406)+1.1374248266220093
3,iterativefit,central,5,0.0,2.5,20.0,30.0,0.4503232867769295,0.5504845011485278,175.7581136897044*(x-0.45032328677692957)*(x-0.45032328677692957)*(x-0.45032328677692957)-22.569754756943766*(x-0.45032328677692957)*(x-0.45032328677692957)-0.7685298658518449*(x-0.45032328677692957)+1.0871537923812866
3,iterativefit,central,5,0.0,2.5,20.0,30.0,0.5504845011485278,0.6513310957909443,-91.31327987669725*(x-0.5504845011485278)*(x-0.5504845011485278)*(x-0.5504845011485278)+13.812949981792226*(x-0.5504845011485278)*(x-0.5504845011485278)+0.0*(x-0.5504845011485278)+0.960360586643219
3,iterativefit,central,5,0.0,2.5,20.0,30.0,0.6513310957909443,0.7519465409966765,69.12701740364261*(x-0.6513310957909443)*(x-0.6513310957909443)*(x-0.6513310957909443)-10.432868447717848*(x-0.6513310957909443)*(x-0.6513310957909443)+0.0*(x-0.6513310957909443)+1.0071866512298584
3,iterativefit,central,5,0.0,2.5,20.0,30.0,0.7519465409966765,0.8521819729173467,-0.32019428108221865*(x-0.7519465409966765)*(x-0.7519465409966765)*(x-0.7519465409966765)+0.048142218094207*(x-0.7519465409966765)*(x-0.7519465409966765)+0.0*(x-0.7519465409966765)+0.9719810485839844
3,iterativefit,central,5,0.0,2.5,20.0,30.0,0.8521819729173467,0.9708480770586462,31.73364817232055*(x-0.8521819729173467)*(x-0.8521819729173467)*(x-0.8521819729173467)-12.005587807781815*(x-0.8521819729173467)*(x-0.8521819729173467)+0.0*(x-0.8521819729173467)+0.9721422791481018
3,iterativefit,central,5,0.0,2.5,20.0,30.0,0.9708480770586462,1.1,0.8561112284660339
3,iterativefit,central,5,0.0,2.5,30.0,50.0,-15.0,0.0,1.2796403169631958
3,iterativefit,central,5,0.0,2.5,30.0,50.0,0.0,0.0798689041455645,1.2796403169631958
3,iterativefit,central,5,0.0,2.5,30.0,50.0,0.0798689041455645,0.2497255382635228,6.076317125804619*(x-0.07986890414556459)*(x-0.07986890414556459)*(x-0.07986890414556459)+2.8933469545792203*(x-0.07986890414556459)*(x-0.07986890414556459)-1.5088368602659965*(x-0.07986890414556459)+1.2796403169631958
3,iterativefit,central,5,0.0,2.5,30.0,50.0,0.2497255382635228,0.3199361915848384,-40.69303477873531*(x-0.24972553826352287)*(x-0.24972553826352287)*(x-0.24972553826352287)+4.285626836163034*(x-0.24972553826352287)*(x-0.24972553826352287)+0.0*(x-0.24972553826352287)+1.136608600616455
3,iterativefit,central,5,0.0,2.5,30.0,50.0,0.3199361915848384,0.3997007718461923,193.202562140067*(x-0.31993619158483844)*(x-0.31993619158483844)*(x-0.31993619158483844)-24.66885059883656*(x-0.31993619158483844)*(x-0.31993619158483844)+0.0*(x-0.31993619158483844)+1.1436506509780884
3,iterativefit,central,5,0.0,2.5,30.0,50.0,0.3997007718461923,0.4803261330528589,-23.382087233785352*(x-0.3997007718461923)*(x-0.3997007718461923)*(x-0.3997007718461923)+3.1144475045044624*(x-0.3997007718461923)*(x-0.3997007718461923)-0.2477118851319413*(x-0.3997007718461923)+1.0847468376159668
3,iterativefit,central,5,0.0,2.5,30.0,50.0,0.4803261330528589,0.5601645131841898,66.36264783670927*(x-0.48032613305285893)*(x-0.48032613305285893)*(x-0.48032613305285893)-6.685585451590561*(x-0.48032613305285893)*(x-0.48032613305285893)-0.20148716270283748*(x-0.48032613305285893)+1.0727657079696655
3,iterativefit,central,5,0.0,2.5,30.0,50.0,0.5601645131841898,0.6513334249343401,-108.71433158274154*(x-0.5601645131841898)*(x-0.5601645131841898)*(x-0.5601645131841898)+14.867050953065311*(x-0.5601645131841898)*(x-0.5601645131841898)+0.0*(x-0.5601645131841898)+1.047836422920227
3,iterativefit,central,5,0.0,2.5,30.0,50.0,0.6513334249343401,0.7527772864342352,111.3047121523706*(x-0.6513334249343401)*(x-0.6513334249343401)*(x-0.6513334249343401)-16.93676970580617*(x-0.6513334249343401)*(x-0.6513334249343401)+0.0*(x-0.6513334249343401)+1.089026927947998
3,iterativefit,central,5,0.0,2.5,30.0,50.0,0.7527772864342352,0.8529920117605504,-0.08291126060404946*(x-0.7527772864342352)*(x-0.7527772864342352)*(x-0.7527772864342352)+0.012463393811840027*(x-0.7527772864342352)*(x-0.7527772864342352)+0.0*(x-0.7527772864342352)+1.0309289693832397
3,iterativefit,central,5,0.0,2.5,30.0,50.0,0.8529920117605504,0.9765117469054736,24.629610074185937*(x-0.8529920117605504)*(x-0.8529920117605504)*(x-0.8529920117605504)-9.83835908357183*(x-0.8529920117605504)*(x-0.8529920117605504)+0.0*(x-0.8529920117605504)+1.0309706926345825
3,iterativefit,central,5,0.0,2.5,30.0,50.0,0.9765117469054736,1.1,0.9272814989089966
3,iterativefit,central,5,0.0,2.5,50.0,70.0,-15.0,0.0,1.3491828441619873
3,iterativefit,central,5,0.0,2.5,50.0,70.0,0.0,0.07950263188744901,1.3491828441619873
3,iterativefit,central,5,0.0,2.5,50.0,70.0,0.07950263188744901,0.2598762661599307,0.7119018157450936*(x-0.07950263188744909)*(x-0.07950263188744909)*(x-0.07950263188744909)+2.1069000613917495*(x-0.07950263188744909)*(x-0.07950263188744909)-1.5098175054961707*(x-0.07950263188744909)+1.3491828441619873
3,iterativefit,central,5,0.0,2.5,50.0,70.0,0.2598762661599307,0.3400582383061464,57.26025941296505*(x-0.25987626615993076)*(x-0.25987626615993076)*(x-0.25987626615993076)-2.6447935239265807*(x-0.25987626615993076)*(x-0.25987626615993076)-0.6802746384211256*(x-0.25987626615993076)+1.1495765447616577
3,iterativefit,central,5,0.0,2.5,50.0,70.0,0.3400582383061464,0.4201472410552678,-144.06037775626848*(x-0.34005823830614645)*(x-0.34005823830614645)*(x-0.34005823830614645)+17.30647798524187*(x-0.34005823830614645)*(x-0.34005823830614645)+0.0*(x-0.34005823830614645)+1.1075447797775269
3,iterativefit,central,5,0.0,2.5,50.0,70.0,0.4201472410552678,0.5110801321212293,101.21512608944661*(x-0.4201472410552678)*(x-0.4201472410552678)*(x-0.4201472410552678)-16.641614186442382*(x-0.4201472410552678)*(x-0.4201472410552678)+0.0*(x-0.4201472410552678)+1.144547462463379
3,iterativefit,central,5,0.0,2.5,50.0,70.0,0.5110801321212293,0.6107758358869124,31.480432214240235*(x-0.5110801321212293)*(x-0.5110801321212293)*(x-0.5110801321212293)-2.1210240880114544*(x-0.5110801321212293)*(x-0.5110801321212293)-0.5157601068292186*(x-0.5110801321212293)+1.0830456018447876
3,iterativefit,central,5,0.0,2.5,50.0,70.0,0.6107758358869124,0.7120350704167918,-0.1244749533762766*(x-0.6107758358869124)*(x-0.6107758358869124)*(x-0.6107758358869124)+0.19808992742155931*(x-0.6107758358869124)*(x-0.6107758358869124)+0.0*(x-0.6107758358869124)+1.0417391061782837
3,iterativefit,central,5,0.0,2.5,50.0,70.0,0.7120350704167918,0.8018805083649868,-81.67379555647032*(x-0.7120350704167918)*(x-0.7120350704167918)*(x-0.7120350704167918)+10.80508018038869*(x-0.7120350704167918)*(x-0.7120350704167918)+0.036287982211450805*(x-0.7120350704167918)+1.0436409711837769
3,iterativefit,central,5,0.0,2.5,50.0,70.0,0.8018805083649868,0.8834969485551626,114.27368410228839*(x-0.8018805083649868)*(x-0.8018805083649868)*(x-0.8018805083649868)-18.274336687479938*(x-0.8018805083649868)*(x-0.8018805083649868)+0.0*(x-0.8018805083649868)+1.0748881101608276
3,iterativefit,central,5,0.0,2.5,50.0,70.0,0.8834969485551626,0.981733119978818,0.33299455550660495*(x-0.8834969485551626)*(x-0.8834969485551626)*(x-0.8834969485551626)+0.27408835214161786*(x-0.8834969485551626)*(x-0.8834969485551626)-0.6993581735657212*(x-0.8834969485551626)+1.0152851343154907
3,iterativefit,central,5,0.0,2.5,50.0,70.0,0.981733119978818,1.1,0.9495435953140258
3,iterativefit,central,5,0.0,2.5,70.0,100.0,-15.0,0.0,1.3660154342651367
3,iterativefit,central,5,0.0,2.5,70.0,100.0,0.0,0.0792270751074212,1.3660154342651367
3,iterativefit,central,5,0.0,2.5,70.0,100.0,0.0792270751074212,0.2598658396498304,3.962702062824248*(x-0.07922707510742129)*(x-0.07922707510742129)*(x-0.07922707510742129)+2.100142998167407*(x-0.07922707510742129)*(x-0.07922707510742129)-1.5163936495681503*(x-0.07922707510742129)+1.3660154342651367
3,iterativefit,central,5,0.0,2.5,70.0,100.0,0.2598658396498304,0.3499003153638416,-32.28487768734244*(x-0.2598658396498304)*(x-0.2598658396498304)*(x-0.2598658396498304)+4.286547139651189*(x-0.2598658396498304)*(x-0.2598658396498304)-0.3697459531167188*(x-0.2598658396498304)+1.1839817762374878
3,iterativefit,central,5,0.0,2.5,70.0,100.0,0.3499003153638416,0.4507346614931816,142.34136801592393*(x-0.34990031536384164)*(x-0.34990031536384164)*(x-0.34990031536384164)-19.63021553990149*(x-0.34990031536384164)*(x-0.34990031536384164)-0.3829955912277627*(x-0.34990031536384164)+1.1618767976760864
3,iterativefit,central,5,0.0,2.5,70.0,100.0,0.4507346614931816,0.5509709741301249,-84.5307192023372*(x-0.45073466149318164)*(x-0.45073466149318164)*(x-0.45073466149318164)+12.709571396086695*(x-0.45073466149318164)*(x-0.45073466149318164)+0.0*(x-0.45073466149318164)+1.069600224494934
3,iterativefit,central,5,0.0,2.5,70.0,100.0,0.5509709741301249,0.6513205842344874,171.3032246990921*(x-0.5509709741301249)*(x-0.5509709741301249)*(x-0.5509709741301249)-25.785317712260838*(x-0.5509709741301249)*(x-0.5509709741301249)+0.0*(x-0.5509709741301249)+1.112165927886963
3,iterativefit,central,5,0.0,2.5,70.0,100.0,0.6513205842344874,0.7416525019602209,-137.8369480817785*(x-0.6513205842344874)*(x-0.6513205842344874)*(x-0.6513205842344874)+18.676613780534137*(x-0.6513205842344874)*(x-0.6513205842344874)+0.0*(x-0.6513205842344874)+1.0256128311157227
3,iterativefit,central,5,0.0,2.5,70.0,100.0,0.7416525019602209,0.8218122969494256,169.37685925983953*(x-0.7416525019602209)*(x-0.7416525019602209)*(x-0.7416525019602209)-20.365821471276163*(x-0.7416525019602209)*(x-0.7416525019602209)+0.0*(x-0.7416525019602209)+1.076412320137024
3,iterativefit,central,5,0.0,2.5,70.0,100.0,0.8218122969494256,0.9047978665962084,-37.33712163196811*(x-0.8218122969494256)*(x-0.8218122969494256)*(x-0.8218122969494256)+4.6476634614001435*(x-0.8218122969494256)*(x-0.8218122969494256)+0.0*(x-0.8218122969494256)+1.0327914953231812
3,iterativefit,central,5,0.0,2.5,70.0,100.0,0.9047978665962084,0.9849928227761192,79.24695131775647*(x-0.9047978665962085)*(x-0.9047978665962085)*(x-0.9047978665962085)-20.401127593675593*(x-0.9047978665962085)*(x-0.9047978665962085)+0.0*(x-0.9047978665962085)+1.0434603691101074
3,iterativefit,central,5,0.0,2.5,70.0,100.0,0.9849928227761192,1.1,0.9531278014183044
3,iterativefit,central,5,0.0,2.5,100.0,140.0,-15.0,0.0,1.4496926069259644
3,iterativefit,central,5,0.0,2.5,100.0,140.0,0.0,0.0715615859130278,1.4496926069259644
3,iterativefit,central,5,0.0,2.5,100.0,140.0,0.0715615859130278,0.2491608093939506,13.818238378416765*(x-0.07156158591302787)*(x-0.07156158591302787)*(x-0.07156158591302787)-7.507635173627602*(x-0.07156158591302787)*(x-0.07156158591302787)-0.06471472756235724*(x-0.07156158591302787)+1.4496926069259644
3,iterativefit,central,5,0.0,2.5,100.0,140.0,0.2491608093939506,0.3498003017215664,327.0769670644413*(x-0.2491608093939506)*(x-0.2491608093939506)*(x-0.2491608093939506)-42.30116913589496*(x-0.2491608093939506)*(x-0.2491608093939506)-1.4238718399235397*(x-0.2491608093939506)+1.2788035869598389
3,iterativefit,central,5,0.0,2.5,100.0,140.0,0.3498003017215664,0.4502812833456542,-135.5459772491738*(x-0.34980030172156645)*(x-0.34980030172156645)*(x-0.34980030172156645)+20.429689273789876*(x-0.34980030172156645)*(x-0.34980030172156645)+0.0*(x-0.34980030172156645)+1.0404586791992188
3,iterativefit,central,5,0.0,2.5,100.0,140.0,0.4502812833456542,0.5510433194469606,57.18436031629644*(x-0.4502812833456542)*(x-0.4502812833456542)*(x-0.4502812833456542)-10.156957748747676*(x-0.4502812833456542)*(x-0.4502812833456542)+0.0*(x-0.4502812833456542)+1.1092143058776855
3,iterativefit,central,5,0.0,2.5,100.0,140.0,0.5510433194469606,0.651663161400913,-1.44114897835749*(x-0.5510433194469606)*(x-0.5510433194469606)*(x-0.5510433194469606)+0.8641448440490149*(x-0.5510433194469606)*(x-0.5510433194469606)-0.3050951283280095*(x-0.5510433194469606)+1.0645924806594849
3,iterativefit,central,5,0.0,2.5,100.0,140.0,0.651663161400913,0.7416969525784615,8.600220739348353*(x-0.651663161400913)*(x-0.651663161400913)*(x-0.651663161400913)-0.3991969495568661*(x-0.651663161400913)*(x-0.651663161400913)-0.17496699425668702*(x-0.651663161400913)+1.0411746501922607
3,iterativefit,central,5,0.0,2.5,100.0,140.0,0.7416969525784615,0.8215379277584552,1.0267224916196043*(x-0.7416969525784615)*(x-0.7416969525784615)*(x-0.7416969525784615)+0.11317698764747174*(x-0.7416969525784615)*(x-0.7416969525784615)-0.03770710016401522*(x-0.7416969525784615)+1.0284624099731445
3,iterativefit,central,5,0.0,2.5,100.0,140.0,0.8215379277584552,0.9051416678087942,-20.050881900923713*(x-0.8215379277584552)*(x-0.8215379277584552)*(x-0.8215379277584552)+2.5144930773373093*(x-0.8215379277584552)*(x-0.8215379277584552)+0.0*(x-0.8215379277584552)+1.0266958475112915
3,iterativefit,central,5,0.0,2.5,100.0,140.0,0.9051416678087942,0.9850248351282032,71.08548752287595*(x-0.9051416678087942)*(x-0.9051416678087942)*(x-0.9051416678087942)-17.621057269933335*(x-0.9051416678087942)*(x-0.9051416678087942)+0.0*(x-0.9051416678087942)+1.032554268836975
3,iterativefit,central,5,0.0,2.5,100.0,140.0,0.9850248351282032,1.1,0.9563452005386353
3,iterativefit,central,5,0.0,2.5,140.0,10000.0,-15.0,0.0,1.6605767011642456
3,iterativefit,central,5,0.0,2.5,140.0,10000.0,0.0,0.080203208413415,1.6605767011642456
3,iterativefit,central,5,0.0,2.5,140.0,10000.0,0.080203208413415,0.2700819365265992,14.537665226267684*(x-0.08020320841341505)*(x-0.08020320841341505)*(x-0.08020320841341505)+4.901779334833822*(x-0.08020320841341505)*(x-0.08020320841341505)-4.0590815996503995*(x-0.08020320841341505)+1.6605767011642456
3,iterativefit,central,5,0.0,2.5,140.0,10000.0,0.2700819365265992,0.3696114465034141,-41.83234306094939*(x-0.27008193652659923)*(x-0.27008193652659923)*(x-0.27008193652659923)+6.559548641508684*(x-0.27008193652659923)*(x-0.27008193652659923)-0.625174394560206*(x-0.27008193652659923)+1.1660948991775513
3,iterativefit,central,5,0.0,2.5,140.0,10000.0,0.3696114465034141,0.4710042006818278,147.12810754660524*(x-0.36961144650341415)*(x-0.36961144650341415)*(x-0.36961144650341415)-19.602097257718988*(x-0.36961144650341415)*(x-0.36961144650341415)-0.5626261225683736*(x-0.36961144650341415)+1.1276066303253174
3,iterativefit,central,5,0.0,2.5,140.0,10000.0,0.4710042006818278,0.5704520345692451,-70.093671668488*(x-0.4710042006818278)*(x-0.4710042006818278)*(x-0.4710042006818278)+10.455995724970442*(x-0.4710042006818278)*(x-0.4710042006818278)+0.0*(x-0.4710042006818278)+1.0224027633666992
3,iterativefit,central,5,0.0,2.5,140.0,10000.0,0.5704520345692451,0.6610826921273488,74.74234332949804*(x-0.5704520345692451)*(x-0.5704520345692451)*(x-0.5704520345692451)-11.828406474926673*(x-0.5704520345692451)*(x-0.5704520345692451)+0.0*(x-0.5704520345692451)+1.0568722486495972
3,iterativefit,central,5,0.0,2.5,140.0,10000.0,0.6610826921273488,0.7419191152780705,8.36511985532773*(x-0.6610826921273488)*(x-0.6610826921273488)*(x-0.6610826921273488)+0.24618815098695535*(x-0.6610826921273488)*(x-0.6610826921273488)-0.30225050407020554*(x-0.6610826921273488)+1.0153553485870361
3,iterativefit,central,5,0.0,2.5,140.0,10000.0,0.7419191152780705,0.8216977896974734,-12.515872304863837*(x-0.7419191152780705)*(x-0.7419191152780705)*(x-0.7419191152780705)+1.4441055268412994*(x-0.7419191152780705)*(x-0.7419191152780705)-0.09846225259141422*(x-0.7419191152780705)+0.9969499111175537
3,iterativefit,central,5,0.0,2.5,140.0,10000.0,0.8216977896974734,0.9054120253408549,57.281426095963184*(x-0.8216977896974734)*(x-0.8216977896974734)*(x-0.8216977896974734)-7.962934598944429*(x-0.8216977896974734)*(x-0.8216977896974734)-0.1070215511108384*(x-0.8216977896974734)+0.9919308423995972
3,iterativefit,central,5,0.0,2.5,140.0,10000.0,0.9054120253408549,0.9848250495867759,5.43870670292256*(x-0.9054120253408547)*(x-0.9054120253408547)*(x-0.9054120253408547)+0.35408566442273054*(x-0.9054120253408547)*(x-0.9054120253408547)-0.2359462282444005*(x-0.9054120253408547)+0.9607723951339722
3,iterativefit,central,5,0.0,2.5,140.0,10000.0,0.9848250495867759,1.1,0.9469919800758361
3,iterativefit,central,0,0.0,0.8,20.0,30.0,-15.0,0.0,0.8982337117195129
3,iterativefit,central,0,0.0,0.8,20.0,30.0,0.0,0.01,0.8982337117195129
3,iterativefit,central,0,0.0,0.8,20.0,30.0,0.01,0.03,-11478.760629492586*(x-0.01)*(x-0.01)*(x-0.01)-9.276368634002182*(x-0.01)*(x-0.01)+14.145567500751188*(x-0.01)+0.8982337117195129
3,iterativefit,central,0,0.0,0.8,20.0,30.0,0.03,0.0570669201322617,5114.458005589631*(x-0.03)*(x-0.03)*(x-0.03)-207.6489395356517*(x-0.03)*(x-0.03)+0.0*(x-0.03)+1.0856044292449951
3,iterativefit,central,0,0.0,0.8,20.0,30.0,0.0570669201322617,0.1032474567634959,-1509.8632212306873*(x-0.05706692013226172)*(x-0.05706692013226172)*(x-0.05706692013226172)+128.82909210733487*(x-0.05706692013226172)*(x-0.05706692013226172)+0.0*(x-0.05706692013226172)+1.0348953008651733
3,iterativefit,central,0,0.0,0.8,20.0,30.0,0.1032474567634959,0.1999047315679822,-91.72332847517117*(x-0.10324745676349599)*(x-0.10324745676349599)*(x-0.10324745676349599)+4.569135442971427*(x-0.10324745676349599)*(x-0.10324745676349599)+2.23880022001641*(x-0.10324745676349599)+1.160940408706665
3,iterativefit,central,0,0.0,0.8,20.0,30.0,0.1999047315679822,0.4569482709624058,-0.23084812017626993*(x-0.19990473156798225)*(x-0.19990473156798225)*(x-0.19990473156798225)-0.9833201718730018*(x-0.19990473156798225)*(x-0.19990473156798225)+0.5512695570762511*(x-0.19990473156798225)+1.3371952772140503
3,iterativefit,central,0,0.0,0.8,20.0,30.0,0.4569482709624058,1.1,1.4100056886672971
3,iterativefit,central,0,0.8,1.6,20.0,30.0,-15.0,0.0,0.953080952167511
3,iterativefit,central,0,0.8,1.6,20.0,30.0,0.0,0.01,0.953080952167511
3,iterativefit,central,0,0.8,1.6,20.0,30.0,0.01,0.0369803005856848,-1487.3631823355834*(x-0.01)*(x-0.01)*(x-0.01)-49.21346708397985*(x-0.01)*(x-0.01)+5.903706651198557*(x-0.01)+0.953080952167511
3,iterativefit,central,0,0.8,1.6,20.0,30.0,0.0369803005856848,0.0766528080128216,3128.205546018169*(x-0.0369803005856848)*(x-0.0369803005856848)*(x-0.0369803005856848)-186.15563663702483*(x-0.0369803005856848)*(x-0.0369803005856848)+0.0*(x-0.0369803005856848)+1.0473287105560303
3,iterativefit,central,0,0.8,1.6,20.0,30.0,0.0766528080128216,0.1308560194721107,-1843.561623263071*(x-0.07665280801282166)*(x-0.07665280801282166)*(x-0.07665280801282166)+168.45145951071993*(x-0.07665280801282166)*(x-0.07665280801282166)+0.0*(x-0.07665280801282166)+0.9496647715568542
3,iterativefit,central,0,0.8,1.6,20.0,30.0,0.1308560194721107,0.2413760512085104,19.2878641362602*(x-0.13085601947211073)*(x-0.13085601947211073)*(x-0.13085601947211073)-8.786791061763846*(x-0.13085601947211073)*(x-0.13085601947211073)+2.0121336489305883*(x-0.13085601947211073)+1.1509889364242554
3,iterativefit,central,0,0.8,1.6,20.0,30.0,0.2413760512085104,0.4956374301983277,-3.8982046924411726*(x-0.24137605120851047)*(x-0.24137605120851047)*(x-0.24137605120851047)-0.040593212682073054*(x-0.24137605120851047)*(x-0.24137605120851047)+0.7766859102632351*(x-0.24137605120851047)+1.2920801639556885
3,iterativefit,central,0,0.8,1.6,20.0,30.0,0.4956374301983277,1.1,1.4228595495224
3,iterativefit,central,0,1.6,2.5,20.0,30.0,-15.0,0.0,0.9855385422706604
3,iterativefit,central,0,1.6,2.5,20.0,30.0,0.0,0.0194643585470348,0.9855385422706604
3,iterativefit,central,0,1.6,2.5,20.0,30.0,0.0194643585470348,0.0576353696469165,-137.92001245184454*(x-0.019464358547034894)*(x-0.019464358547034894)*(x-0.019464358547034894)+15.793638978585502*(x-0.019464358547034894)*(x-0.019464358547034894)-0.6028591687591099*(x-0.019464358547034894)+0.9855385422706604
3,iterativefit,central,0,1.6,2.5,20.0,30.0,0.0576353696469165,0.0977246601985842,-1555.4432032834882*(x-0.0576353696469165)*(x-0.0576353696469165)*(x-0.0576353696469165)+117.14730317444281*(x-0.0576353696469165)*(x-0.0576353696469165)+0.0*(x-0.0576353696469165)+0.9778679609298706
3,iterativefit,central,0,1.6,2.5,20.0,30.0,0.0977246601985842,0.1524888397175651,-217.60067429920235*(x-0.09772466019858427)*(x-0.09772466019858427)*(x-0.09772466019858427)+7.326630472385728*(x-0.09772466019858427)*(x-0.09772466019858427)+1.8932072375132558*(x-0.09772466019858427)+1.065924882888794
3,iterativefit,central,0,1.6,2.5,20.0,30.0,0.1524888397175651,0.2621110286536154,37.839816482176495*(x-0.15248883971756513)*(x-0.15248883971756513)*(x-0.15248883971756513)-6.892456838570494*(x-0.15248883971756513)*(x-0.15248883971756513)+0.7378524775727687*(x-0.15248883971756513)+1.1558386087417603
3,iterativefit,central,0,1.6,2.5,20.0,30.0,0.2621110286536154,0.5150546657873935,-0.6911352155048489*(x-0.26211102865361546)*(x-0.26211102865361546)*(x-0.26211102865361546)+2.156724567188176*(x-0.26211102865361546)*(x-0.26211102865361546)+0.5908860493211617*(x-0.26211102865361546)+1.2037444114685059
3,iterativefit,central,0,1.6,2.5,20.0,30.0,0.5150546657873935,1.1,1.4800086021423338
3,iterativefit,central,0,0.0,0.8,30.0,40.0,-15.0,0.0,0.9188763499259949
3,iterativefit,central,0,0.0,0.8,30.0,40.0,0.0,0.0099999999999999,0.9188763499259949
3,iterativefit,central,0,0.0,0.8,30.0,40.0,0.0099999999999999,0.0299999999999999,-9106.496378867094*(x-0.009999999999999998)*(x-0.009999999999999998)*(x-0.009999999999999998)-80.52308052602876*(x-0.009999999999999998)*(x-0.009999999999999998)+18.081657588481903*(x-0.009999999999999998)+0.9188763499259949
3,iterativefit,central,0,0.0,0.8,30.0,40.0,0.0299999999999999,0.05,6265.0664982412345*(x-0.029999999999999995)*(x-0.029999999999999995)*(x-0.029999999999999995)-205.82441049085372*(x-0.029999999999999995)*(x-0.029999999999999995)+3.9329387128002424*(x-0.029999999999999995)+1.1754482984542847
3,iterativefit,central,0,0.0,0.8,30.0,40.0,0.05,0.0699999999999999,-18143.71537287073*(x-0.05)*(x-0.05)*(x-0.05)+463.8604089097322*(x-0.05)*(x-0.05)+3.2180420910555774*(x-0.05)+1.221897840499878
3,iterativefit,central,0,0.0,0.8,30.0,40.0,0.0699999999999999,0.110648765979666,1557.9328546874092*(x-0.06999999999999999)*(x-0.06999999999999999)*(x-0.06999999999999999)-94.99207203333225*(x-0.06999999999999999)*(x-0.06999999999999999)+0.0*(x-0.06999999999999999)+1.3266531229019165
3,iterativefit,central,0,0.0,0.8,30.0,40.0,0.110648765979666,0.3230546668759086,7.733495997316533*(x-0.110648765979666)*(x-0.110648765979666)*(x-0.110648765979666)-6.661338147750939e-16*(x-0.110648765979666)*(x-0.110648765979666)+0.0*(x-0.110648765979666)+1.2743339538574219
3,iterativefit,central,0,0.0,0.8,30.0,40.0,0.3230546668759086,1.1,1.3484437465667725
3,iterativefit,central,0,0.8,1.6,30.0,40.0,-15.0,0.0,0.9349923729896545
3,iterativefit,central,0,0.8,1.6,30.0,40.0,0.0,0.01,0.9349923729896545
3,iterativefit,central,0,0.8,1.6,30.0,40.0,0.01,0.03,-12258.045004260046*(x-0.01)*(x-0.01)*(x-0.01)+6.953015981177373*(x-0.01)*(x-0.01)+14.431533365864956*(x-0.01)+0.9349923729896545
3,iterativefit,central,0,0.8,1.6,30.0,40.0,0.03,0.0567597670336164,4108.923415324333*(x-0.03)*(x-0.03)*(x-0.03)-164.93075002957625*(x-0.03)*(x-0.03)+0.0*(x-0.03)+1.1283398866653442
3,iterativefit,central,0,0.8,1.6,30.0,40.0,0.0567597670336164,0.0976101925306216,-1403.6220415301077*(x-0.05675976703361645)*(x-0.05675976703361645)*(x-0.05675976703361645)+94.12022291649635*(x-0.05675976703361645)*(x-0.05675976703361645)+0.0*(x-0.05675976703361645)+1.088971734046936
3,iterativefit,central,0,0.8,1.6,30.0,40.0,0.0976101925306216,0.16457934546091801,65.68315708427183*(x-0.09761019253062168)*(x-0.09761019253062168)*(x-0.09761019253062168)-8.323151231693751*(x-0.09761019253062168)*(x-0.09761019253062168)+0.6627888778870653*(x-0.09761019253062168)+1.1503514051437378
3,iterativefit,central,0,0.8,1.6,30.0,40.0,0.16457934546091801,0.4091593441489808,0.21194146832975755*(x-0.164579345460918)*(x-0.164579345460918)*(x-0.164579345460918)+0.18135214248261258*(x-0.164579345460918)*(x-0.164579345460918)+0.4317408610113541*(x-0.164579345460918)+1.1771373748779297
3,iterativefit,central,0,0.8,1.6,30.0,40.0,0.4091593441489808,1.1,1.296681761741638
3,iterativefit,central,0,1.6,2.5,30.0,40.0,-15.0,0.0,0.904312789440155
3,iterativefit,central,0,1.6,2.5,30.0,40.0,0.0,0.01,0.904312789440155
3,iterativefit,central,0,1.6,2.5,30.0,40.0,0.01,0.0356964794945817,-7200.484945410491*(x-0.01)*(x-0.01)*(x-0.01)+45.308873179628876*(x-0.01)*(x-0.01)+11.935079242150184*(x-0.01)+0.904312789440155
3,iterativefit,central,0,1.6,2.5,30.0,40.0,0.0356964794945817,0.0776173933516957,1254.801519245442*(x-0.03569647949458172)*(x-0.03569647949458172)*(x-0.03569647949458172)-78.90363959409598*(x-0.03569647949458172)*(x-0.03569647949458172)+0.0*(x-0.03569647949458172)+1.1187450885772705
3,iterativefit,central,0,1.6,2.5,30.0,40.0,0.0776173933516957,0.1387615113144895,-1146.9640444632714*(x-0.07761739335169575)*(x-0.07761739335169575)*(x-0.07761739335169575)+107.64177944609375*(x-0.07761739335169575)*(x-0.07761739335169575)+0.0*(x-0.07761739335169575)+1.0725243091583252
3,iterativefit,central,0,1.6,2.5,30.0,40.0,0.1387615113144895,0.2640303523515112,0.8627962082742574*(x-0.1387615113144895)*(x-0.1387615113144895)*(x-0.1387615113144895)-1.356326262215412*(x-0.1387615113144895)*(x-0.1387615113144895)+0.2991931122611263*(x-0.1387615113144895)+1.2127655744552612
3,iterativefit,central,0,1.6,2.5,30.0,40.0,0.2640303523515112,0.5304266011098183,-0.04534722168085685*(x-0.26403035235151123)*(x-0.26403035235151123)*(x-0.26403035235151123)-1.0903126565452026*(x-0.26403035235151123)*(x-0.26403035235151123)+0.0*(x-0.26403035235151123)+1.2306573390960693
3,iterativefit,central,0,1.6,2.5,30.0,40.0,0.5304266011098183,1.1,1.1524238586425781
3,iterativefit,central,0,0.0,0.8,40.0,60.0,-15.0,0.0,0.9377337694168091
3,iterativefit,central,0,0.0,0.8,40.0,60.0,0.0,0.01,0.9377337694168091
3,iterativefit,central,0,0.0,0.8,40.0,60.0,0.01,0.03,-16692.38266593708*(x-0.010000000000000002)*(x-0.010000000000000002)*(x-0.010000000000000002)-32.37371499409437*(x-0.010000000000000002)*(x-0.010000000000000002)+22.683542966842655*(x-0.010000000000000002)+0.9377337694168091
3,iterativefit,central,0,0.0,0.8,40.0,60.0,0.03,0.05,3043.217778662916*(x-0.03)*(x-0.03)*(x-0.03)-93.23807056735261*(x-0.03)*(x-0.03)+1.3577351679543954*(x-0.03)+1.2449160814285278
3,iterativefit,central,0,0.0,0.8,40.0,60.0,0.05,0.0699999999999999,-29167.164471820044*(x-0.05)*(x-0.05)*(x-0.05)+843.013092163206*(x-0.05)*(x-0.05)+1.280073679655791*(x-0.05)+1.259121298789978
3,iterativefit,central,0,0.0,0.8,40.0,60.0,0.0699999999999999,0.09,30937.910079956036*(x-0.06999999999999999)*(x-0.06999999999999999)*(x-0.06999999999999999)-928.1373023986813*(x-0.06999999999999999)*(x-0.06999999999999999)+0.0*(x-0.06999999999999999)+1.388590693473816
3,iterativefit,central,0,0.0,0.8,40.0,60.0,0.09,0.2300390487473905,95.25468705249213*(x-0.09)*(x-0.09)*(x-0.09)-3.552713678800501e-15*(x-0.09)*(x-0.09)+0.0*(x-0.09)+1.2648390531539917
3,iterativefit,central,0,0.0,0.8,40.0,60.0,0.2300390487473905,1.1,1.526436686515808
3,iterativefit,central,0,0.8,1.6,40.0,60.0,-15.0,0.0,0.9414089322090149
3,iterativefit,central,0,0.8,1.6,40.0,60.0,0.0,0.01,0.9414089322090149
3,iterativefit,central,0,0.8,1.6,40.0,60.0,0.01,0.03,-8097.686697731474*(x-0.01)*(x-0.01)*(x-0.01)-78.52798542002733*(x-0.01)*(x-0.01)+16.760994493961338*(x-0.01)+0.9414089322090149
3,iterativefit,central,0,0.8,1.6,40.0,60.0,0.03,0.05,-1903.8290577034693*(x-0.03)*(x-0.03)*(x-0.03)-40.45140426595784*(x-0.03)*(x-0.03)+3.9026510398824783*(x-0.03)+1.180436134338379
3,iterativefit,central,0,0.8,1.6,40.0,60.0,0.05,0.0699999999999999,386.2427313920019*(x-0.05)*(x-0.05)*(x-0.05)-21.550748029939655*(x-0.05)*(x-0.05)+0.0*(x-0.05)+1.2270779609680176
3,iterativefit,central,0,0.8,1.6,40.0,60.0,0.0699999999999999,0.1113591240408975,819.1603298994746*(x-0.06999999999999999)*(x-0.06999999999999999)*(x-0.06999999999999999)-46.00160485976287*(x-0.06999999999999999)*(x-0.06999999999999999)-0.398538643527184*(x-0.06999999999999999)+1.2215476036071777
3,iterativefit,central,0,0.8,1.6,40.0,60.0,0.1113591240408975,0.3161809131990042,12.058465850927691*(x-0.11135912404089758)*(x-0.11135912404089758)*(x-0.11135912404089758)+4.58691764683525*(x-0.11135912404089758)*(x-0.11135912404089758)+0.0*(x-0.11135912404089758)+1.1843290328979492
3,iterativefit,central,0,0.8,1.6,40.0,60.0,0.3161809131990042,1.1,1.480373740196228
3,iterativefit,central,0,1.6,2.5,40.0,60.0,-15.0,0.0,0.9132518172264099
3,iterativefit,central,0,1.6,2.5,40.0,60.0,0.0,0.0099999999999999,0.9132518172264099
3,iterativefit,central,0,1.6,2.5,40.0,60.0,0.0099999999999999,0.03,-11263.844300834637*(x-0.009999999999999998)*(x-0.009999999999999998)*(x-0.009999999999999998)+1.7610536946404807*(x-0.009999999999999998)*(x-0.009999999999999998)+16.752983210428777*(x-0.009999999999999998)+0.9132518172264099
3,iterativefit,central,0,1.6,2.5,40.0,60.0,0.03,0.0567544027877062,-499.8929710299103*(x-0.03)*(x-0.03)*(x-0.03)-41.73789535752641*(x-0.03)*(x-0.03)+3.3068121972128313*(x-0.03)+1.1589051485061646
3,iterativefit,central,0,1.6,2.5,40.0,60.0,0.0567544027877062,0.1113650152241365,7.431499093099018*(x-0.056754402787706264)*(x-0.056754402787706264)*(x-0.056754402787706264)-1.8248051596821853*(x-0.056754402787706264)*(x-0.056754402787706264)+0.0*(x-0.056754402787706264)+1.2079277038574219
3,iterativefit,central,0,1.6,2.5,40.0,60.0,0.1113650152241365,0.2157706662055468,191.59825532063485*(x-0.11136501522413653)*(x-0.11136501522413653)*(x-0.11136501522413653)-29.369843028793902*(x-0.11136501522413653)*(x-0.11136501522413653)-0.1328181520710485*(x-0.11136501522413653)+1.2036958932876587
3,iterativefit,central,0,1.6,2.5,40.0,60.0,0.2157706662055468,0.4694905633139183,7.223425244128427*(x-0.21577066620554688)*(x-0.21577066620554688)*(x-0.21577066620554688)+2.5188101395308187*(x-0.21577066620554688)*(x-0.21577066620554688)+0.0*(x-0.21577066620554688)+1.0877355337142944
3,iterativefit,central,0,1.6,2.5,40.0,60.0,0.4694905633139183,1.1,1.3678604364395142
3,iterativefit,central,0,0.0,0.8,60.0,100.0,-15.0,0.0,0.9500489830970764
3,iterativefit,central,0,0.0,0.8,60.0,100.0,0.0,0.01,0.9500489830970764
3,iterativefit,central,0,0.0,0.8,60.0,100.0,0.01,0.03,-17124.842852354064*(x-0.01)*(x-0.01)*(x-0.01)-180.9328794479369*(x-0.01)*(x-0.01)+27.787126600742344*(x-0.01)+0.9500489830970764
3,iterativefit,central,0,0.0,0.8,60.0,100.0,0.03,0.05,18093.28794479369*(x-0.03)*(x-0.03)*(x-0.03)-542.7986383438108*(x-0.03)*(x-0.03)+0.0*(x-0.03)+1.296419620513916
3,iterativefit,central,0,0.0,0.8,60.0,100.0,0.05,0.0699999999999999,-285.60471748356605*(x-0.05)*(x-0.05)*(x-0.05)+26.472392124939894*(x-0.05)*(x-0.05)+0.0*(x-0.05)+1.2240464687347412
3,iterativefit,central,0,0.0,0.8,60.0,100.0,0.0699999999999999,0.09,-5956.675703679363*(x-0.06999999999999999)*(x-0.06999999999999999)*(x-0.06999999999999999)+213.46907253077197*(x-0.06999999999999999)*(x-0.06999999999999999)+0.7161700240173163*(x-0.06999999999999999)+1.2323505878448486
3,iterativefit,central,0,0.0,0.8,60.0,100.0,0.09,0.2336509195530225,-18.080323696087056*(x-0.09)*(x-0.09)*(x-0.09)-0.9485410176111415*(x-0.09)*(x-0.09)+2.106922080832958*(x-0.09)+1.2844082117080688
3,iterativefit,central,0,0.0,0.8,60.0,100.0,0.2336509195530225,1.1,1.5138999223709106
3,iterativefit,central,0,0.8,1.6,60.0,100.0,-15.0,0.0,0.9532790780067444
3,iterativefit,central,0,0.8,1.6,60.0,100.0,0.0,0.01,0.9532790780067444
3,iterativefit,central,0,0.8,1.6,60.0,100.0,0.01,0.03,-14252.845197916036*(x-0.010000000000000002)*(x-0.010000000000000002)*(x-0.010000000000000002)-32.98342227935797*(x-0.010000000000000002)*(x-0.010000000000000002)+18.422751128673557*(x-0.010000000000000002)+0.9532790780067444
3,iterativefit,central,0,0.8,1.6,60.0,100.0,0.03,0.05,3298.3422279357887*(x-0.03)*(x-0.03)*(x-0.03)-98.95026683807369*(x-0.03)*(x-0.03)+0.0*(x-0.03)+1.194517970085144
3,iterativefit,central,0,0.8,1.6,60.0,100.0,0.05,0.0699999999999999,-18491.927061478185*(x-0.05)*(x-0.05)*(x-0.05)+613.2734472354232*(x-0.05)*(x-0.05)+0.0*(x-0.05)+1.1813246011734009
3,iterativefit,central,0,0.8,1.6,60.0,100.0,0.0699999999999999,0.1050003933926849,-443.67341779847703*(x-0.06999999999999999)*(x-0.06999999999999999)*(x-0.06999999999999999)-10.14401387016899*(x-0.06999999999999999)*(x-0.06999999999999999)+2.3406254156431134*(x-0.06999999999999999)+1.2786985635757446
3,iterativefit,central,0,0.8,1.6,60.0,100.0,0.1050003933926849,0.2968967446998196,-28.470688763044816*(x-0.10500039339268499)*(x-0.10500039339268499)*(x-0.10500039339268499)-0.3204073786165589*(x-0.10500039339268499)*(x-0.10500039339268499)+0.0*(x-0.10500039339268499)+1.3291715383529663
3,iterativefit,central,0,0.8,1.6,60.0,100.0,0.2968967446998196,1.1,1.1161866188049316
3,iterativefit,central,0,1.6,2.5,60.0,100.0,-15.0,0.0,0.9265273213386536
3,iterativefit,central,0,1.6,2.5,60.0,100.0,0.0,0.01,0.9265273213386536
3,iterativefit,central,0,1.6,2.5,60.0,100.0,0.01,0.03,-11681.708164646383*(x-0.01)*(x-0.01)*(x-0.01)-9.200373463674879*(x-0.01)*(x-0.01)+18.428510398179842*(x-0.01)+0.9265273213386536
3,iterativefit,central,0,1.6,2.5,60.0,100.0,0.03,0.056487618299335,-746.293742679745*(x-0.03)*(x-0.03)*(x-0.03)-46.65689775937107*(x-0.03)*(x-0.03)+4.042445662057189*(x-0.03)+1.1979637145996094
3,iterativefit,central,0,1.6,2.5,60.0,100.0,0.056487618299335,0.0973886822627025,5.559773920626797*(x-0.056487618299335005)*(x-0.056487618299335005)*(x-0.056487618299335005)-1.4603271948340617*(x-0.056487618299335005)*(x-0.056487618299335005)+0.0*(x-0.056487618299335005)+1.2584354877471924
3,iterativefit,central,0,1.6,2.5,60.0,100.0,0.0973886822627025,0.1667559339160965,1213.9232535793794*(x-0.0973886822627025)*(x-0.0973886822627025)*(x-0.0973886822627025)-125.64984956014348*(x-0.0973886822627025)*(x-0.0973886822627025)-0.09155508411320837*(x-0.0973886822627025)+1.2563729286193848
3,iterativefit,central,0,1.6,2.5,60.0,100.0,0.1667559339160965,0.4262057134966661,9.249699334688492*(x-0.1667559339160965)*(x-0.1667559339160965)*(x-0.1667559339160965)+4.440892098500626e-16*(x-0.1667559339160965)*(x-0.1667559339160965)+0.0*(x-0.1667559339160965)+1.0506043434143066
3,iterativefit,central,0,1.6,2.5,60.0,100.0,0.4262057134966661,1.1,1.2121471166610718
3,iterativefit,central,0,0.0,0.8,100.0,10000.0,-15.0,0.0,0.9442704916000366
3,iterativefit,central,0,0.0,0.8,100.0,10000.0,0.0,0.01,0.9442704916000366
3,iterativefit,central,0,0.0,0.8,100.0,10000.0,0.01,0.03,-15094.42506500362*(x-0.01)*(x-0.01)*(x-0.01)-86.9221333129646*(x-0.01)*(x-0.01)+25.567626953124996*(x-0.01)+0.9442704916000366
3,iterativefit,central,0,0.0,0.8,100.0,10000.0,0.03,0.05,-1251.365525208714*(x-0.030000000000000002)*(x-0.030000000000000002)*(x-0.030000000000000002)-61.89482280879011*(x-0.030000000000000002)*(x-0.030000000000000002)+3.977431542602061*(x-0.030000000000000002)+1.3000987768173218
3,iterativefit,central,0,0.0,0.8,100.0,10000.0,0.05,0.0699999999999999,2359.54167568084*(x-0.05)*(x-0.05)*(x-0.05)-97.53977102506092*(x-0.05)*(x-0.05)+0.0*(x-0.05)+1.3448785543441772
3,iterativefit,central,0,0.0,0.8,100.0,10000.0,0.0699999999999999,0.09,3033.431789511399*(x-0.06999999999999999)*(x-0.06999999999999999)*(x-0.06999999999999999)-64.24943293070626*(x-0.06999999999999999)*(x-0.06999999999999999)-1.0701408301854296*(x-0.06999999999999999)+1.3247389793395996
3,iterativefit,central,0,0.0,0.8,100.0,10000.0,0.09,0.2406783729453396,38.135697245897596*(x-0.09)*(x-0.09)*(x-0.09)+2.303798761824522*(x-0.09)*(x-0.09)+0.0*(x-0.09)+1.3019038438796997
3,iterativefit,central,0,0.0,0.8,100.0,10000.0,0.2406783729453396,1.1,1.4846713542938232
3,iterativefit,central,0,0.8,1.6,100.0,10000.0,-15.0,0.0,0.9430463910102844
3,iterativefit,central,0,0.8,1.6,100.0,10000.0,0.0,0.01,0.9430463910102844
3,iterativefit,central,0,0.8,1.6,100.0,10000.0,0.01,0.03,-14282.774180173887*(x-0.01)*(x-0.01)*(x-0.01)-207.93467760086037*(x-0.01)*(x-0.01)+25.456716120243073*(x-0.01)+0.9430463910102844
3,iterativefit,central,0,0.8,1.6,100.0,10000.0,0.03,0.05,20793.46776008605*(x-0.03)*(x-0.03)*(x-0.03)-623.8040328025816*(x-0.03)*(x-0.03)+0.0*(x-0.03)+1.2547446489334106
3,iterativefit,central,0,0.8,1.6,100.0,10000.0,0.05,0.0699999999999999,-7850.5575656891*(x-0.05)*(x-0.05)*(x-0.05)+235.51672697067286*(x-0.05)*(x-0.05)+0.0*(x-0.05)+1.1715707778930664
3,iterativefit,central,0,0.8,1.6,100.0,10000.0,0.0699999999999999,0.1166722960604764,257.8655804258235*(x-0.06999999999999999)*(x-0.06999999999999999)*(x-0.06999999999999999)-18.052768070160937*(x-0.06999999999999999)*(x-0.06999999999999999)+0.0*(x-0.06999999999999999)+1.2029730081558228
3,iterativefit,central,0,0.8,1.6,100.0,10000.0,0.1166722960604764,0.3435105062758836,3.754699588111448*(x-0.1166722960604764)*(x-0.1166722960604764)*(x-0.1166722960604764)+0.17466529891794202*(x-0.1166722960604764)*(x-0.1166722960604764)+0.0*(x-0.1166722960604764)+1.1898648738861084
3,iterativefit,central,0,0.8,1.6,100.0,10000.0,0.3435105062758836,1.1,1.2426775693893433
3,iterativefit,central,0,1.6,2.5,100.0,10000.0,-15.0,0.0,0.962818443775177
3,iterativefit,central,0,1.6,2.5,100.0,10000.0,0.0,0.01,0.962818443775177
3,iterativefit,central,0,1.6,2.5,100.0,10000.0,0.01,0.0299999999999999,-5539.624713745608*(x-0.01)*(x-0.01)*(x-0.01)-12.105320423615723*(x-0.01)*(x-0.01)+9.902376750856849*(x-0.01)+0.962818443775177
3,iterativefit,central,0,1.6,2.5,100.0,10000.0,0.0299999999999999,0.0572796872535006,-667.9637417721771*(x-0.029999999999999995)*(x-0.029999999999999995)*(x-0.029999999999999995)-23.44887269003528*(x-0.029999999999999995)*(x-0.029999999999999995)+2.770614277417493*(x-0.029999999999999995)+1.1117068529129028
3,iterativefit,central,0,1.6,2.5,100.0,10000.0,0.0572796872535006,0.11254830293091,838.6181836173906*(x-0.057279687253500605)*(x-0.057279687253500605)*(x-0.057279687253500605)-69.52389913565514*(x-0.057279687253500605)*(x-0.057279687253500605)+0.0*(x-0.057279687253500605)+1.1562777757644653
3,iterativefit,central,0,1.6,2.5,100.0,10000.0,0.11254830293091,0.2258582684436786,-175.26165882420318*(x-0.11254830293091006)*(x-0.11254830293091006)*(x-0.11254830293091006)+29.78833877562161*(x-0.11254830293091006)*(x-0.11254830293091006)+0.0*(x-0.11254830293091006)+1.0854880809783936
3,iterativefit,central,0,1.6,2.5,100.0,10000.0,0.2258582684436786,0.5189941589090205,-3.88042673709031*(x-0.22585826844367862)*(x-0.22585826844367862)*(x-0.22585826844367862)-4.711738649508974*(x-0.22585826844367862)*(x-0.22585826844367862)+0.0*(x-0.22585826844367862)+1.212973713874817
3,iterativefit,central,0,1.6,2.5,100.0,10000.0,0.5189941589090205,1.1,0.7103571891784669
3,iterativefit,up_cferr2,4,0.0,2.5,20.0,30.0,-15.0,0.0,1.3900439739227295
3,iterativefit,up_cferr2,4,0.0,2.5,20.0,30.0,0.0,0.0667986894736508,1.3900439739227295
3,iterativefit,up_cferr2,4,0.0,2.5,20.0,30.0,0.0667986894736508,0.2096261323382277,18.894028699353637*(x-0.06679868947365084)*(x-0.06679868947365084)*(x-0.06679868947365084)+7.35194540869114*(x-0.06679868947365084)*(x-0.06679868947365084)-4.196724712237359*(x-0.06679868947365084)+1.3900439739227295
3,iterativefit,up_cferr2,4,0.0,2.5,20.0,30.0,0.2096261323382277,0.2802135740068961,-58.84846064648355*(x-0.20962613233822774)*(x-0.20962613233822774)*(x-0.20962613233822774)+8.744143883195768*(x-0.20962613233822774)*(x-0.20962613233822774)-0.9403092571920261*(x-0.20962613233822774)+0.995664119720459
3,iterativefit,up_cferr2,4,0.0,2.5,20.0,30.0,0.2802135740068961,0.3600894491105406,14.625820508982269*(x-0.2802135740068961)*(x-0.2802135740068961)*(x-0.2802135740068961)-0.8055127543572684*(x-0.2802135740068961)*(x-0.2802135740068961)-0.5855084756692802*(x-0.2802135740068961)+0.9521610736846924
3,iterativefit,up_cferr2,4,0.0,2.5,20.0,30.0,0.3600894491105406,0.4503232867769295,19.585839522696205*(x-0.3600894491105406)*(x-0.3600894491105406)*(x-0.3600894491105406)-0.8711186146631863*(x-0.3600894491105406)*(x-0.3600894491105406)-0.4342455238583821*(x-0.3600894491105406)+0.9077073931694031
3,iterativefit,up_cferr2,4,0.0,2.5,20.0,30.0,0.4503232867769295,0.5504845011485278,1.9560013428570604*(x-0.45032328677692957)*(x-0.45032328677692957)*(x-0.45032328677692957)+0.270427122731013*(x-0.45032328677692957)*(x-0.45032328677692957)-0.11304201213547979*(x-0.45032328677692957)+0.8758206367492676
3,iterativefit,up_cferr2,4,0.0,2.5,20.0,30.0,0.5504845011485278,0.6513310957909443,-19.435267374939855*(x-0.5504845011485278)*(x-0.5504845011485278)*(x-0.5504845011485278)+4.977107841732052*(x-0.5504845011485278)*(x-0.5504845011485278)+0.0*(x-0.5504845011485278)+0.8691766858100891
3,iterativefit,up_cferr2,4,0.0,2.5,20.0,30.0,0.6513310957909443,0.7519465409966765,-9.92187559888519*(x-0.6513310957909443)*(x-0.6513310957909443)*(x-0.6513310957909443)+3.198275776046464*(x-0.6513310957909443)*(x-0.6513310957909443)+0.4108766677455631*(x-0.6513310957909443)+0.8998609781265259
3,iterativefit,up_cferr2,4,0.0,2.5,20.0,30.0,0.7519465409966765,0.8521819729173467,-6.310555699724633*(x-0.7519465409966765)*(x-0.7519465409966765)*(x-0.7519465409966765)+2.406480662838365*(x-0.7519465409966765)*(x-0.7519465409966765)+0.7531371851028886*(x-0.7519465409966765)+0.9634729623794556
3,iterativefit,up_cferr2,4,0.0,2.5,20.0,30.0,0.8521819729173467,0.9708480770586462,-0.6746232897300884*(x-0.8521819729173467)*(x-0.8521819729173467)*(x-0.8521819729173467)+1.3962828669247318*(x-0.8521819729173467)*(x-0.8521819729173467)+1.0453572983104813*(x-0.8521819729173467)+1.0567870140075684
3,iterativefit,up_cferr2,4,0.0,2.5,20.0,30.0,0.9708480770586462,1.1,1.1993701457977295
3,iterativefit,up_cferr2,4,0.0,2.5,30.0,50.0,-15.0,0.0,1.220699667930603
3,iterativefit,up_cferr2,4,0.0,2.5,30.0,50.0,0.0,0.0798689041455645,1.220699667930603
3,iterativefit,up_cferr2,4,0.0,2.5,30.0,50.0,0.0798689041455645,0.2497255382635228,4.233902929719642*(x-0.07986890414556459)*(x-0.07986890414556459)*(x-0.07986890414556459)+2.999704598220184*(x-0.07986890414556459)*(x-0.07986890414556459)-1.8118503344994985*(x-0.07986890414556459)+1.220699667930603
3,iterativefit,up_cferr2,4,0.0,2.5,30.0,50.0,0.2497255382635228,0.3199361915848384,-19.049825338771797*(x-0.24972553826352287)*(x-0.24972553826352287)*(x-0.24972553826352287)+3.316547425145462*(x-0.24972553826352287)*(x-0.24972553826352287)-0.42635037379359964*(x-0.24972553826352287)+1.0202387571334839
3,iterativefit,up_cferr2,4,0.0,2.5,30.0,50.0,0.3199361915848384,0.3997007718461923,3.9058906926074797*(x-0.31993619158483844)*(x-0.31993619158483844)*(x-0.31993619158483844)+0.11547901141870676*(x-0.31993619158483844)*(x-0.31993619158483844)-0.24235684106097785*(x-0.31993619158483844)+1.0000602006912231
3,iterativefit,up_cferr2,4,0.0,2.5,30.0,50.0,0.3997007718461923,0.4803261330528589,12.818820047896017*(x-0.3997007718461923)*(x-0.3997007718461923)*(x-0.3997007718461923)-0.6238859545520632*(x-0.3997007718461923)*(x-0.3997007718461923)-0.14938219199885808*(x-0.3997007718461923)+0.9834456443786621
3,iterativefit,up_cferr2,4,0.0,2.5,30.0,50.0,0.4803261330528589,0.5601645131841898,-4.163373308933544*(x-0.48032613305285893)*(x-0.48032613305285893)*(x-0.48032613305285893)+0.9324954899382583*(x-0.48032613305285893)*(x-0.48032613305285893)+0.0*(x-0.48032613305285893)+0.9740644693374634
3,iterativefit,up_cferr2,4,0.0,2.5,30.0,50.0,0.5601645131841898,0.6513334249343401,-1.8279879677583952*(x-0.5601645131841898)*(x-0.5601645131841898)*(x-0.5601645131841898)+0.830487836901794*(x-0.5601645131841898)*(x-0.5601645131841898)+0.06928374925392038*(x-0.5601645131841898)+0.9778895974159241
3,iterativefit,up_cferr2,4,0.0,2.5,30.0,50.0,0.6513334249343401,0.7527772864342352,-3.3151927816192344*(x-0.6513334249343401)*(x-0.6513334249343401)*(x-0.6513334249343401)+1.3151682894470238*(x-0.6513334249343401)*(x-0.6513334249343401)+0.17513164464988595*(x-0.6513334249343401)+0.9897237420082092
3,iterativefit,up_cferr2,4,0.0,2.5,30.0,50.0,0.7527772864342352,0.8529920117605504,-7.455125802170209*(x-0.7527772864342352)*(x-0.7527772864342352)*(x-0.7527772864342352)+1.7971825520131393*(x-0.7527772864342352)*(x-0.7527772864342352)+0.339614619369955*(x-0.7527772864342352)+1.0175631046295166
3,iterativefit,up_cferr2,4,0.0,2.5,30.0,50.0,0.8529920117605504,0.9765117469054736,-0.0026175703774917337*(x-0.8529920117605504)*(x-0.8529920117605504)*(x-0.8529920117605504)+0.30400093641859555*(x-0.8529920117605504)*(x-0.8529920117605504)+0.47520764313528924*(x-0.8529920117605504)+1.062143325805664
3,iterativefit,up_cferr2,4,0.0,2.5,30.0,50.0,0.9765117469054736,1.1,1.1254740953445435
3,iterativefit,up_cferr2,4,0.0,2.5,50.0,70.0,-15.0,0.0,1.170542597770691
3,iterativefit,up_cferr2,4,0.0,2.5,50.0,70.0,0.0,0.07950263188744901,1.170542597770691
3,iterativefit,up_cferr2,4,0.0,2.5,50.0,70.0,0.07950263188744901,0.2598762661599307,4.812981615095209*(x-0.07950263188744909)*(x-0.07950263188744909)*(x-0.07950263188744909)+1.7797568097063183*(x-0.07950263188744909)*(x-0.07950263188744909)-1.2560426727989062*(x-0.07950263188744909)+1.170542597770691
3,iterativefit,up_cferr2,4,0.0,2.5,50.0,70.0,0.2598762661599307,0.3400582383061464,-15.744758991155653*(x-0.25987626615993076)*(x-0.25987626615993076)*(x-0.25987626615993076)+1.9574215464064315*(x-0.25987626615993076)*(x-0.25987626615993076)-0.14423427784703557*(x-0.25987626615993076)+1.030133843421936
3,iterativefit,up_cferr2,4,0.0,2.5,50.0,70.0,0.3400582383061464,0.4201472410552678,65.06387505229343*(x-0.34005823830614645)*(x-0.34005823830614645)*(x-0.34005823830614645)-6.97971567276776*(x-0.34005823830614645)*(x-0.34005823830614645)-0.13401062640275682*(x-0.34005823830614645)+1.0230369567871094
3,iterativefit,up_cferr2,4,0.0,2.5,50.0,70.0,0.4201472410552678,0.5110801321212293,-21.46089348006743*(x-0.4201472410552678)*(x-0.4201472410552678)*(x-0.4201472410552678)+3.1641248152059127*(x-0.4201472410552678)*(x-0.4201472410552678)+0.0*(x-0.4201472410552678)+1.0009585618972778
3,iterativefit,up_cferr2,4,0.0,2.5,50.0,70.0,0.5110801321212293,0.6107758358869124,3.5310543182132665*(x-0.5110801321212293)*(x-0.5110801321212293)*(x-0.5110801321212293)-0.5187620231163854*(x-0.5110801321212293)*(x-0.5110801321212293)+0.0430791264567026*(x-0.5110801321212293)+1.0109854936599731
3,iterativefit,up_cferr2,4,0.0,2.5,50.0,70.0,0.6107758358869124,0.7120350704167918,-7.38990435259251*(x-0.6107758358869124)*(x-0.6107758358869124)*(x-0.6107758358869124)+1.7929996955909542*(x-0.6107758358869124)*(x-0.6107758358869124)+0.044930355007401716*(x-0.6107758358869124)+1.0136231184005737
3,iterativefit,up_cferr2,4,0.0,2.5,50.0,70.0,0.7120350704167918,0.8018805083649868,-0.4769317910505981*(x-0.7120350704167918)*(x-0.7120350704167918)*(x-0.7120350704167918)+0.5189008659333055*(x-0.7120350704167918)*(x-0.7120350704167918)+0.1807302502809423*(x-0.7120350704167918)+1.0288845300674438
3,iterativefit,up_cferr2,4,0.0,2.5,50.0,70.0,0.8018805083649868,0.8834969485551626,0.958032369825975*(x-0.8018805083649868)*(x-0.8018805083649868)*(x-0.8018805083649868)+0.5741160938076952*(x-0.8018805083649868)*(x-0.8018805083649868)+0.2624223310808266*(x-0.8018805083649868)+1.0489650964736938
3,iterativefit,up_cferr2,4,0.0,2.5,50.0,70.0,0.8834969485551626,0.981733119978818,-1.061622864566268*(x-0.8834969485551626)*(x-0.8834969485551626)*(x-0.8834969485551626)+1.0646045234330335*(x-0.8834969485551626)*(x-0.8834969485551626)+0.37528201488660856*(x-0.8834969485551626)+1.07472825050354
3,iterativefit,up_cferr2,4,0.0,2.5,50.0,70.0,0.981733119978818,1.1,1.1208618879318237
3,iterativefit,up_cferr2,4,0.0,2.5,70.0,100.0,-15.0,0.0,1.1779342889785767
3,iterativefit,up_cferr2,4,0.0,2.5,70.0,100.0,0.0,0.0792270751074212,1.1779342889785767
3,iterativefit,up_cferr2,4,0.0,2.5,70.0,100.0,0.0792270751074212,0.2598658396498304,2.9133529029680427*(x-0.07922707510742129)*(x-0.07922707510742129)*(x-0.07922707510742129)+1.7376589883991749*(x-0.07922707510742129)*(x-0.07922707510742129)-1.248390378136563*(x-0.07922707510742129)+1.1779342889785767
3,iterativefit,up_cferr2,4,0.0,2.5,70.0,100.0,0.2598658396498304,0.3499003153638416,14.542824833009707*(x-0.2598658396498304)*(x-0.2598658396498304)*(x-0.2598658396498304)-0.1012917295756397*(x-0.2598658396498304)*(x-0.2598658396498304)-0.335421941870551*(x-0.2598658396498304)+1.026299238204956
3,iterativefit,up_cferr2,4,0.0,2.5,70.0,100.0,0.3499003153638416,0.4507346614931816,-31.370173998813993*(x-0.34990031536384164)*(x-0.34990031536384164)*(x-0.34990031536384164)+4.744786474701048*(x-0.34990031536384164)*(x-0.34990031536384164)+0.0*(x-0.34990031536384164)+1.0058925151824951
3,iterativefit,up_cferr2,4,0.0,2.5,70.0,100.0,0.4507346614931816,0.5509709741301249,11.070972908438188*(x-0.45073466149318164)*(x-0.45073466149318164)*(x-0.45073466149318164)-1.6645702524680082*(x-0.45073466149318164)*(x-0.45073466149318164)+0.0*(x-0.45073466149318164)+1.0219734907150269
3,iterativefit,up_cferr2,4,0.0,2.5,70.0,100.0,0.5509709741301249,0.6513205842344874,-8.621092745756592*(x-0.5509709741301249)*(x-0.5509709741301249)*(x-0.5509709741301249)+1.863256989081286*(x-0.5509709741301249)*(x-0.5509709741301249)+0.0*(x-0.5509709741301249)+1.0163986682891846
3,iterativefit,up_cferr2,4,0.0,2.5,70.0,100.0,0.6513205842344874,0.7416525019602209,1.399600491260151*(x-0.6513205842344874)*(x-0.6513205842344874)*(x-0.6513205842344874)+0.05913607943903568*(x-0.6513205842344874)*(x-0.6513205842344874)+0.11350986850690536*(x-0.6513205842344874)+1.0264499187469482
3,iterativefit,up_cferr2,4,0.0,2.5,70.0,100.0,0.7416525019602209,0.8218122969494256,-1.9879895121238789*(x-0.7416525019602209)*(x-0.7416525019602209)*(x-0.7416525019602209)+0.6781911258299909*(x-0.7416525019602209)*(x-0.7416525019602209)+0.15845523214336404*(x-0.7416525019602209)+1.0382176637649536
3,iterativefit,up_cferr2,4,0.0,2.5,70.0,100.0,0.8218122969494256,0.9047978665962084,9.775248485850282*(x-0.8218122969494256)*(x-0.8218122969494256)*(x-0.8218122969494256)-0.34078738211939397*(x-0.8218122969494256)*(x-0.8218122969494256)+0.2288605224779954*(x-0.8218122969494256)+1.0542532205581665
3,iterativefit,up_cferr2,4,0.0,2.5,70.0,100.0,0.9047978665962084,0.9849928227761192,-10.993337124599222*(x-0.9047978665962085)*(x-0.9047978665962085)*(x-0.9047978665962085)+3.8968057939059912*(x-0.9047978665962085)*(x-0.9047978665962085)+0.37425447095084413*(x-0.9047978665962085)+1.0764849185943604
3,iterativefit,up_cferr2,4,0.0,2.5,70.0,100.0,0.9849928227761192,1.1,1.1258896589279175
3,iterativefit,up_cferr2,4,0.0,2.5,100.0,140.0,-15.0,0.0,1.231258511543274
3,iterativefit,up_cferr2,4,0.0,2.5,100.0,140.0,0.0,0.0715615859130278,1.231258511543274
3,iterativefit,up_cferr2,4,0.0,2.5,100.0,140.0,0.0715615859130278,0.2491608093939506,12.264099254983474*(x-0.07156158591302787)*(x-0.07156158591302787)*(x-0.07156158591302787)+2.3546266965270597*(x-0.07156158591302787)*(x-0.07156158591302787)-1.9968434237181212*(x-0.07156158591302787)+1.231258511543274
3,iterativefit,up_cferr2,4,0.0,2.5,100.0,140.0,0.2491608093939506,0.3498003017215664,-13.692883722473795*(x-0.2491608093939506)*(x-0.2491608093939506)*(x-0.2491608093939506)+2.067067299496256*(x-0.2491608093939506)*(x-0.2491608093939506)+0.0*(x-0.2491608093939506)+1.0195894241333008
3,iterativefit,up_cferr2,4,0.0,2.5,100.0,140.0,0.3498003017215664,0.4502812833456542,6.656540934086759*(x-0.34980030172156645)*(x-0.34980030172156645)*(x-0.34980030172156645)-1.4875584222313372*(x-0.34980030172156645)*(x-0.34980030172156645)+0.0*(x-0.34980030172156645)+1.026568055152893
3,iterativefit,up_cferr2,4,0.0,2.5,100.0,140.0,0.4502812833456542,0.5510433194469606,13.885273193418584*(x-0.4502812833456542)*(x-0.4502812833456542)*(x-0.4502812833456542)-1.6157386093499173*(x-0.4502812833456542)*(x-0.4502812833456542)-0.09732080879490264*(x-0.4502812833456542)+1.018302083015442
3,iterativefit,up_cferr2,4,0.0,2.5,100.0,140.0,0.5510433194469606,0.651663161400913,-23.073755307298022*(x-0.5510433194469606)*(x-0.5510433194469606)*(x-0.5510433194469606)+4.277612093795533*(x-0.5510433194469606)*(x-0.5510433194469606)+0.0*(x-0.5510433194469606)+1.0062963962554932
3,iterativefit,up_cferr2,4,0.0,2.5,100.0,140.0,0.651663161400913,0.7416969525784615,6.906811781517517*(x-0.651663161400913)*(x-0.651663161400913)*(x-0.651663161400913)-0.8931887021812343*(x-0.651663161400913)*(x-0.651663161400913)+0.16000480238171982*(x-0.651663161400913)+1.0260989665985107
3,iterativefit,up_cferr2,4,0.0,2.5,100.0,140.0,0.7416969525784615,0.8215379277584552,-2.6386013347491706*(x-0.7416969525784615)*(x-0.7416969525784615)*(x-0.7416969525784615)+0.8136646142636175*(x-0.7416969525784615)*(x-0.7416969525784615)+0.16713205236716186*(x-0.7416969525784615)+1.0383052825927734
3,iterativefit,up_cferr2,4,0.0,2.5,100.0,140.0,0.8215379277584552,0.9051416678087942,7.695467345817164*(x-0.8215379277584552)*(x-0.8215379277584552)*(x-0.8215379277584552)-0.13198510543842878*(x-0.8215379277584552)*(x-0.8215379277584552)+0.24659966859169252*(x-0.8215379277584552)+1.0554931163787842
3,iterativefit,up_cferr2,4,0.0,2.5,100.0,140.0,0.9051416678087942,0.9850248351282032,-7.744493836753451*(x-0.9051416678087942)*(x-0.9051416678087942)*(x-0.9051416678087942)+2.983187027955993*(x-0.9051416678087942)*(x-0.9051416678087942)+0.38589514917503376*(x-0.9051416678087942)+1.0796841382980347
3,iterativefit,up_cferr2,4,0.0,2.5,100.0,140.0,0.9850248351282032,1.1,1.1255995035171509
3,iterativefit,up_cferr2,4,0.0,2.5,140.0,10000.0,-15.0,0.0,1.2990247011184692
3,iterativefit,up_cferr2,4,0.0,2.5,140.0,10000.0,0.0,0.080203208413415,1.2990247011184692
3,iterativefit,up_cferr2,4,0.0,2.5,140.0,10000.0,0.080203208413415,0.2700819365265992,7.879398953660629*(x-0.08020320841341505)*(x-0.08020320841341505)*(x-0.08020320841341505)+2.642065916154692*(x-0.08020320841341505)*(x-0.08020320841341505)-2.19009458636952*(x-0.08020320841341505)+1.2990247011184692
3,iterativefit,up_cferr2,4,0.0,2.5,140.0,10000.0,0.2700819365265992,0.3696114465034141,-4.2982953693552*(x-0.27008193652659923)*(x-0.27008193652659923)*(x-0.27008193652659923)+1.7117412884633536*(x-0.27008193652659923)*(x-0.27008193652659923)-0.33450042706189437*(x-0.27008193652659923)+1.0323705673217773
3,iterativefit,up_cferr2,4,0.0,2.5,140.0,10000.0,0.3696114465034141,0.4710042006818278,4.888816424097187*(x-0.36961144650341415)*(x-0.36961144650341415)*(x-0.36961144650341415)-0.1443746049583141*(x-0.36961144650341415)*(x-0.36961144650341415)-0.12150121621718428*(x-0.36961144650341415)+1.0117967128753662
3,iterativefit,up_cferr2,4,0.0,2.5,140.0,10000.0,0.4710042006818278,0.5704520345692451,-0.6076960227575539*(x-0.4710042006818278)*(x-0.4710042006818278)*(x-0.4710042006818278)+0.2616460342203879*(x-0.4710042006818278)*(x-0.4710042006818278)+0.0*(x-0.4710042006818278)+1.0030890703201294
3,iterativefit,up_cferr2,4,0.0,2.5,140.0,10000.0,0.5704520345692451,0.6610826921273488,-2.992527044106401*(x-0.5704520345692451)*(x-0.5704520345692451)*(x-0.5704520345692451)+1.0626027609496984*(x-0.5704520345692451)*(x-0.5704520345692451)+0.034010155667875394*(x-0.5704520345692451)+1.0050790309906006
3,iterativefit,up_cferr2,4,0.0,2.5,140.0,10000.0,0.6610826921273488,0.7419191152780705,-12.252900514386283*(x-0.6610826921273488)*(x-0.6610826921273488)*(x-0.6610826921273488)+2.412571898797128*(x-0.6610826921273488)*(x-0.6610826921273488)+0.1528778314569521*(x-0.6610826921273488)+1.0146617889404297
3,iterativefit,up_cferr2,4,0.0,2.5,140.0,10000.0,0.7419191152780705,0.8216977896974734,1.867978767118932*(x-0.7419191152780705)*(x-0.7419191152780705)*(x-0.7419191152780705)+0.4164526788793014*(x-0.7419191152780705)*(x-0.7419191152780705)+0.30272445820922694*(x-0.7419191152780705)+1.0363125801086426
3,iterativefit,up_cferr2,4,0.0,2.5,140.0,10000.0,0.8216977896974734,0.9054120253408549,-11.622937878592522*(x-0.8216977896974734)*(x-0.8216977896974734)*(x-0.8216977896974734)+1.93922455026263*(x-0.8216977896974734)*(x-0.8216977896974734)+0.40483956329271653*(x-0.8216977896974734)+1.0640625953674316
3,iterativefit,up_cferr2,4,0.0,2.5,140.0,10000.0,0.9054120253408549,0.9848250495867759,0.0014644810878615849*(x-0.9054120253408547)*(x-0.9054120253408547)*(x-0.9054120253408547)-0.0071290918276518175*(x-0.9054120253408547)*(x-0.9054120253408547)+0.4851577651472908*(x-0.9054120253408547)+1.1047247648239136
3,iterativefit,up_cferr2,4,0.0,2.5,140.0,10000.0,0.9848250495867759,1.1,1.143208384513855
3,iterativefit,down_cferr2,4,0.0,2.5,20.0,30.0,-15.0,0.0,0.6138182282447815
3,iterativefit,down_cferr2,4,0.0,2.5,20.0,30.0,0.0,0.0667986894736508,0.6138182282447815
3,iterativefit,down_cferr2,4,0.0,2.5,20.0,30.0,0.0667986894736508,0.2096261323382277,-19.35716643173629*(x-0.06679868947365084)*(x-0.06679868947365084)*(x-0.06679868947365084)-7.532185605445497*(x-0.06679868947365084)*(x-0.06679868947365084)+4.299610430859864*(x-0.06679868947365084)+0.6138182282447815
3,iterativefit,down_cferr2,4,0.0,2.5,20.0,30.0,0.2096261323382277,0.2802135740068961,60.29113851721964*(x-0.20962613233822774)*(x-0.20962613233822774)*(x-0.20962613233822774)-8.958521598336983*(x-0.20962613233822774)*(x-0.20962613233822774)+0.9633649005713754*(x-0.20962613233822774)+1.0178667306900024
3,iterativefit,down_cferr2,4,0.0,2.5,20.0,30.0,0.2802135740068961,0.3600894491105406,-14.984346273854456*(x-0.2802135740068961)*(x-0.2802135740068961)*(x-0.2802135740068961)+0.8252472356699723*(x-0.2802135740068961)*(x-0.2802135740068961)+0.5998641737946991*(x-0.2802135740068961)+1.0624364614486694
3,iterativefit,down_cferr2,4,0.0,2.5,20.0,30.0,0.3600894491105406,0.4503232867769295,-20.065921818906293*(x-0.3600894491105406)*(x-0.3600894491105406)*(x-0.3600894491105406)+0.892464783219857*(x-0.3600894491105406)*(x-0.3600894491105406)+0.4448914896032188*(x-0.3600894491105406)+1.1079800128936768
3,iterativefit,down_cferr2,4,0.0,2.5,20.0,30.0,0.4503232867769295,0.5504845011485278,-2.003965218222248*(x-0.45032328677692957)*(x-0.45032328677692957)*(x-0.45032328677692957)-0.27705643540449065*(x-0.45032328677692957)*(x-0.45032328677692957)+0.11581357163145431*(x-0.45032328677692957)+1.1406484842300415
3,iterativefit,down_cferr2,4,0.0,2.5,20.0,30.0,0.5504845011485278,0.6513310957909443,19.91188709205906*(x-0.5504845011485278)*(x-0.5504845011485278)*(x-0.5504845011485278)-5.099154319454177*(x-0.5504845011485278)*(x-0.5504845011485278)+0.0*(x-0.5504845011485278)+1.1474553346633911
3,iterativefit,down_cferr2,4,0.0,2.5,20.0,30.0,0.6513310957909443,0.7519465409966765,10.164985329589946*(x-0.6513310957909443)*(x-0.6513310957909443)*(x-0.6513310957909443)-3.2766579433345377*(x-0.6513310957909443)*(x-0.6513310957909443)-0.4209508925331436*(x-0.6513310957909443)+1.1160186529159546
3,iterativefit,down_cferr2,4,0.0,2.5,20.0,30.0,0.7519465409966765,0.8521819729173467,6.4652360878378055*(x-0.7519465409966765)*(x-0.7519465409966765)*(x-0.7519465409966765)-2.4654760097759936*(x-0.7519465409966765)*(x-0.7519465409966765)-0.7716009826040873*(x-0.7519465409966765)+1.0508471727371216
3,iterativefit,down_cferr2,4,0.0,2.5,20.0,30.0,0.8521819729173467,0.9708480770586462,0.6911692062666595*(x-0.8521819729173467)*(x-0.8521819729173467)*(x-0.8521819729173467)-1.430520646324319*(x-0.8521819729173467)*(x-0.8521819729173467)-1.0709856565900113*(x-0.8521819729173467)+0.9552454352378845
3,iterativefit,down_cferr2,4,0.0,2.5,20.0,30.0,0.9708480770586462,1.1,0.8091666102409363
3,iterativefit,down_cferr2,4,0.0,2.5,30.0,50.0,-15.0,0.0,0.8498109579086304
3,iterativefit,down_cferr2,4,0.0,2.5,30.0,50.0,0.0,0.0798689041455645,0.8498109579086304
3,iterativefit,down_cferr2,4,0.0,2.5,30.0,50.0,0.0798689041455645,0.2497255382635228,-4.259334693351601*(x-0.07986890414556459)*(x-0.07986890414556459)*(x-0.07986890414556459)-3.0177066993135933*(x-0.07986890414556459)*(x-0.07986890414556459)+1.822723945350114*(x-0.07986890414556459)+0.8498109579086304
3,iterativefit,down_cferr2,4,0.0,2.5,30.0,50.0,0.2497255382635228,0.3199361915848384,19.164371196587854*(x-0.24972553826352287)*(x-0.24972553826352287)*(x-0.24972553826352287)-3.3364610852947107*(x-0.24972553826352287)*(x-0.24972553826352287)+0.42890721553978156*(x-0.24972553826352287)+1.0514748096466064
3,iterativefit,down_cferr2,4,0.0,2.5,30.0,50.0,0.3199361915848384,0.3997007718461923,-3.929611900657696*(x-0.31993619158483844)*(x-0.31993619158483844)*(x-0.31993619158483844)-0.11613947334410313*(x-0.31993619158483844)*(x-0.31993619158483844)+0.24381135436318174*(x-0.31993619158483844)+1.0717743635177612
3,iterativefit,down_cferr2,4,0.0,2.5,30.0,50.0,0.3997007718461923,0.4803261330528589,-12.895642310390613*(x-0.3997007718461923)*(x-0.3997007718461923)*(x-0.3997007718461923)+0.627617769210927*(x-0.3997007718461923)*(x-0.3997007718461923)+0.15027857175740725*(x-0.3997007718461923)+1.0884886980056763
3,iterativefit,down_cferr2,4,0.0,2.5,30.0,50.0,0.4803261330528589,0.5601645131841898,4.18858431446723*(x-0.48032613305285893)*(x-0.48032613305285893)*(x-0.48032613305285893)-0.9381271212277589*(x-0.48032613305285893)*(x-0.48032613305285893)+0.0*(x-0.48032613305285893)+1.097926139831543
3,iterativefit,down_cferr2,4,0.0,2.5,30.0,50.0,0.5601645131841898,0.6513334249343401,1.838667366394332*(x-0.5601645131841898)*(x-0.5601645131841898)*(x-0.5601645131841898)-0.8354195925431172*(x-0.5601645131841898)*(x-0.5601645131841898)-0.06970089241907985*(x-0.5601645131841898)+1.0940779447555542
3,iterativefit,down_cferr2,4,0.0,2.5,30.0,50.0,0.6513334249343401,0.7527772864342352,3.335186806800772*(x-0.6513334249343401)*(x-0.6513334249343401)*(x-0.6513334249343401)-1.3230800516591463*(x-0.6513334249343401)*(x-0.6513334249343401)-0.1761817392740704*(x-0.6513334249343401)+1.0821728706359863
3,iterativefit,down_cferr2,4,0.0,2.5,30.0,50.0,0.7527772864342352,0.8529920117605504,7.499798735976103*(x-0.7527772864342352)*(x-0.7527772864342352)*(x-0.7527772864342352)-1.8079588879001758*(x-0.7527772864342352)*(x-0.7527772864342352)-0.3416526464501201*(x-0.7527772864342352)+1.0541664361953735
3,iterativefit,down_cferr2,4,0.0,2.5,30.0,50.0,0.8529920117605504,0.9765117469054736,0.002635739076714944*(x-0.8529920117605504)*(x-0.8529920117605504)*(x-0.8529920117605504)-0.3058307551913736*(x-0.8529920117605504)*(x-0.8529920117605504)-0.47805961565779076*(x-0.8529920117605504)+1.0093187093734741
3,iterativefit,down_cferr2,4,0.0,2.5,30.0,50.0,0.9765117469054736,1.1,0.9456077814102173
3,iterativefit,down_cferr2,4,0.0,2.5,50.0,70.0,-15.0,0.0,0.92284095287323
3,iterativefit,down_cferr2,4,0.0,2.5,50.0,70.0,0.0,0.07950263188744901,0.92284095287323
3,iterativefit,down_cferr2,4,0.0,2.5,50.0,70.0,0.07950263188744901,0.2598762661599307,-4.820600440924626*(x-0.07950263188744909)*(x-0.07950263188744909)*(x-0.07950263188744909)-1.7825717275449104*(x-0.07950263188744909)*(x-0.07950263188744909)+1.258029545938841*(x-0.07950263188744909)+0.92284095287323
3,iterativefit,down_cferr2,4,0.0,2.5,50.0,70.0,0.2598762661599307,0.3400582383061464,15.769667132203166*(x-0.25987626615993076)*(x-0.25987626615993076)*(x-0.25987626615993076)-1.9605164676140494*(x-0.25987626615993076)*(x-0.25987626615993076)+0.14446204961727588*(x-0.25987626615993076)+1.063471794128418
3,iterativefit,down_cferr2,4,0.0,2.5,50.0,70.0,0.3400582383061464,0.4201472410552678,-65.16729202521338*(x-0.34005823830614645)*(x-0.34005823830614645)*(x-0.34005823830614645)+6.99081678505161*(x-0.34005823830614645)*(x-0.34005823830614645)+0.13422249882558035*(x-0.34005823830614645)+1.0705798864364624
3,iterativefit,down_cferr2,4,0.0,2.5,50.0,70.0,0.4201472410552678,0.5110801321212293,21.495434977632595*(x-0.4201472410552678)*(x-0.4201472410552678)*(x-0.4201472410552678)-3.169212037981846*(x-0.4201472410552678)*(x-0.4201472410552678)+0.0*(x-0.4201472410552678)+1.0926933288574219
3,iterativefit,down_cferr2,4,0.0,2.5,50.0,70.0,0.5110801321212293,0.6107758358869124,-3.5366571319574294*(x-0.5110801321212293)*(x-0.5110801321212293)*(x-0.5110801321212293)+0.5195863272620731*(x-0.5110801321212293)*(x-0.5110801321212293)-0.043147468966553915*(x-0.5110801321212293)+1.0826503038406372
3,iterativefit,down_cferr2,4,0.0,2.5,50.0,70.0,0.6107758358869124,0.7120350704167918,7.40154041535348*(x-0.6107758358869124)*(x-0.6107758358869124)*(x-0.6107758358869124)-1.7958248346763783*(x-0.6107758358869124)*(x-0.6107758358869124)-0.0450014013730587*(x-0.6107758358869124)+1.0800085067749023
3,iterativefit,down_cferr2,4,0.0,2.5,50.0,70.0,0.7120350704167918,0.8018805083649868,0.4777190960967049*(x-0.7120350704167918)*(x-0.7120350704167918)*(x-0.7120350704167918)-0.5197248435211249*(x-0.7120350704167918)*(x-0.7120350704167918)-0.18101551073409605*(x-0.7120350704167918)+1.064723014831543
3,iterativefit,down_cferr2,4,0.0,2.5,50.0,70.0,0.8018805083649868,0.8834969485551626,-0.9597069903775733*(x-0.8018805083649868)*(x-0.8018805083649868)*(x-0.8018805083649868)-0.5750062945999725*(x-0.8018805083649868)*(x-0.8018805083649868)-0.2628365869306504*(x-0.8018805083649868)+1.0446107387542725
3,iterativefit,down_cferr2,4,0.0,2.5,50.0,70.0,0.8834969485551626,0.981733119978818,1.0633410902302727*(x-0.8834969485551626)*(x-0.8834969485551626)*(x-0.8834969485551626)-1.0663088245539176*(x-0.8834969485551626)*(x-0.8834969485551626)-0.3758750459407077*(x-0.8834969485551626)+1.0188069343566895
3,iterativefit,down_cferr2,4,0.0,2.5,50.0,70.0,0.981733119978818,1.1,0.9726002216339111
3,iterativefit,down_cferr2,4,0.0,2.5,70.0,100.0,-15.0,0.0,0.9186834096908569
3,iterativefit,down_cferr2,4,0.0,2.5,70.0,100.0,0.0,0.0792270751074212,0.9186834096908569
3,iterativefit,down_cferr2,4,0.0,2.5,70.0,100.0,0.0792270751074212,0.2598658396498304,-2.9206216998710315*(x-0.07922707510742129)*(x-0.07922707510742129)*(x-0.07922707510742129)-1.7419884962874241*(x-0.07922707510742129)*(x-0.07922707510742129)+1.2515009628802483*(x-0.07922707510742129)+0.9186834096908569
3,iterativefit,down_cferr2,4,0.0,2.5,70.0,100.0,0.2598658396498304,0.3499003153638416,-14.578994906832108*(x-0.2598658396498304)*(x-0.2598658396498304)*(x-0.2598658396498304)+0.1015401117375001*(x-0.2598658396498304)*(x-0.2598658396498304)+0.33625682225209347*(x-0.2598658396498304)+1.070696234703064
3,iterativefit,down_cferr2,4,0.0,2.5,70.0,100.0,0.3499003153638416,0.4507346614931816,31.44831049157218*(x-0.34990031536384164)*(x-0.34990031536384164)*(x-0.34990031536384164)-4.756604737935216*(x-0.34990031536384164)*(x-0.34990031536384164)+0.0*(x-0.34990031536384164)+1.0911537408828735
3,iterativefit,down_cferr2,4,0.0,2.5,70.0,100.0,0.4507346614931816,0.5509709741301249,-11.098434318838677*(x-0.45073466149318164)*(x-0.45073466149318164)*(x-0.45073466149318164)+1.6686991982455401*(x-0.45073466149318164)*(x-0.45073466149318164)+0.0*(x-0.45073466149318164)+1.0750327110290527
3,iterativefit,down_cferr2,4,0.0,2.5,70.0,100.0,0.5509709741301249,0.6513205842344874,8.64255774658406*(x-0.5509709741301249)*(x-0.5509709741301249)*(x-0.5509709741301249)-1.8678969757503445*(x-0.5509709741301249)*(x-0.5509709741301249)+0.0*(x-0.5509709741301249)+1.080621361732483
3,iterativefit,down_cferr2,4,0.0,2.5,70.0,100.0,0.6513205842344874,0.7416525019602209,-1.4030648996362973*(x-0.6513205842344874)*(x-0.6513205842344874)*(x-0.6513205842344874)-0.059286537908961934*(x-0.6513205842344874)*(x-0.6513205842344874)-0.11379264968881009*(x-0.6513205842344874)+1.0705450773239136
3,iterativefit,down_cferr2,4,0.0,2.5,70.0,100.0,0.7416525019602209,0.8218122969494256,1.9928716287165023*(x-0.7416525019602209)*(x-0.7416525019602209)*(x-0.7416525019602209)-0.6798726855456894*(x-0.7416525019602209)*(x-0.7416525019602209)-0.15885000294329388*(x-0.7416525019602209)+1.0587480068206787
3,iterativefit,down_cferr2,4,0.0,2.5,70.0,100.0,0.8218122969494256,0.9047978665962084,-9.799510785660768*(x-0.8218122969494256)*(x-0.8218122969494256)*(x-0.8218122969494256)+0.3416231388479412*(x-0.8218122969494256)*(x-0.8218122969494256)-0.2294307687633768*(x-0.8218122969494256)+1.0426725149154663
3,iterativefit,down_cferr2,4,0.0,2.5,70.0,100.0,0.9047978665962084,0.9849928227761192,11.020646770666849*(x-0.9047978665962085)*(x-0.9047978665962085)*(x-0.9047978665962085)-3.9064935184509015*(x-0.9047978665962085)*(x-0.9047978665962085)-0.37518726034860544*(x-0.9047978665962085)+1.0203853845596313
3,iterativefit,down_cferr2,4,0.0,2.5,70.0,100.0,0.9849928227761192,1.1,0.9708576202392578
3,iterativefit,down_cferr2,4,0.0,2.5,100.0,140.0,-15.0,0.0,0.8685314059257507
3,iterativefit,down_cferr2,4,0.0,2.5,100.0,140.0,0.0,0.0715615859130278,0.8685314059257507
3,iterativefit,down_cferr2,4,0.0,2.5,100.0,140.0,0.0715615859130278,0.2491608093939506,-12.316118044953711*(x-0.07156158591302787)*(x-0.07156158591302787)*(x-0.07156158591302787)-2.3646221484106373*(x-0.07156158591302787)*(x-0.07156158591302787)+2.005316042226737*(x-0.07156158591302787)+0.8685314059257507
3,iterativefit,down_cferr2,4,0.0,2.5,100.0,140.0,0.2491608093939506,0.3498003017215664,13.751125434212508*(x-0.2491608093939506)*(x-0.2491608093939506)*(x-0.2491608093939506)-2.0758594239487693*(x-0.2491608093939506)*(x-0.2491608093939506)+0.0*(x-0.2491608093939506)+1.0810985565185547
3,iterativefit,down_cferr2,4,0.0,2.5,100.0,140.0,0.3498003017215664,0.4502812833456542,-6.684917740603505*(x-0.34980030172156645)*(x-0.34980030172156645)*(x-0.34980030172156645)+1.493892839047251*(x-0.34980030172156645)*(x-0.34980030172156645)+0.0*(x-0.34980030172156645)+1.0740902423858643
3,iterativefit,down_cferr2,4,0.0,2.5,100.0,140.0,0.4502812833456542,0.5510433194469606,-13.944062232084855*(x-0.4502812833456542)*(x-0.4502812833456542)*(x-0.4502812833456542)+1.6225724801973604*(x-0.4502812833456542)*(x-0.4502812833456542)+0.09773427251091352*(x-0.4502812833456542)+1.082391381263733
3,iterativefit,down_cferr2,4,0.0,2.5,100.0,140.0,0.5510433194469606,0.651663161400913,23.17115532188358*(x-0.5510433194469606)*(x-0.5510433194469606)*(x-0.5510433194469606)-4.295689948307742*(x-0.5510433194469606)*(x-0.5510433194469606)+0.0*(x-0.5510433194469606)+1.0944479703903198
3,iterativefit,down_cferr2,4,0.0,2.5,100.0,140.0,0.651663161400913,0.7416969525784615,-6.935906411982107*(x-0.651663161400913)*(x-0.651663161400913)*(x-0.651663161400913)+0.896945102123266*(x-0.651663161400913)*(x-0.651663161400913)-0.16068444783827004*(x-0.651663161400913)+1.074561595916748
3,iterativefit,down_cferr2,4,0.0,2.5,100.0,140.0,0.7416969525784615,0.8215379277584552,2.6496981868759564*(x-0.7416969525784615)*(x-0.7416969525784615)*(x-0.7416969525784615)-0.8170931186106176*(x-0.7416969525784615)*(x-0.7416969525784615)-0.16784282248433052*(x-0.7416969525784615)+1.0623033046722412
3,iterativefit,down_cferr2,4,0.0,2.5,100.0,140.0,0.8215379277584552,0.9051416678087942,-7.728347147663007*(x-0.8215379277584552)*(x-0.8215379277584552)*(x-0.8215379277584552)+0.13257816984379367*(x-0.8215379277584552)*(x-0.8215379277584552)-0.24764569561105004*(x-0.8215379277584552)+1.0450425148010254
3,iterativefit,down_cferr2,4,0.0,2.5,100.0,140.0,0.9051416678087942,0.9850248351282032,7.77749343347681*(x-0.9051416678087942)*(x-0.9051416678087942)*(x-0.9051416678087942)-2.995882735780608*(x-0.9051416678087942)*(x-0.9051416678087942)-0.3875314599335505*(x-0.9051416678087942)+1.0207489728927612
3,iterativefit,down_cferr2,4,0.0,2.5,100.0,140.0,0.9850248351282032,1.1,0.9746387004852295
3,iterativefit,down_cferr2,4,0.0,2.5,140.0,10000.0,-15.0,0.0,0.8133677840232849
3,iterativefit,down_cferr2,4,0.0,2.5,140.0,10000.0,0.0,0.080203208413415,0.8133677840232849
3,iterativefit,down_cferr2,4,0.0,2.5,140.0,10000.0,0.080203208413415,0.2700819365265992,-7.962438357792669*(x-0.08020320841341505)*(x-0.08020320841341505)*(x-0.08020320841341505)-2.6699110413184632*(x-0.08020320841341505)*(x-0.08020320841341505)+2.2131761765127735*(x-0.08020320841341505)+0.8133677840232849
3,iterativefit,down_cferr2,4,0.0,2.5,140.0,10000.0,0.2700819365265992,0.3696114465034141,4.34372975459344*(x-0.27008193652659923)*(x-0.27008193652659923)*(x-0.27008193652659923)-1.729795396643162*(x-0.27008193652659923)*(x-0.27008193652659923)+0.3380259323669502*(x-0.27008193652659923)+1.0828322172164917
3,iterativefit,down_cferr2,4,0.0,2.5,140.0,10000.0,0.3696114465034141,0.4710042006818278,-4.940472432480493*(x-0.36961144650341415)*(x-0.36961144650341415)*(x-0.36961144650341415)+0.14590942482468056*(x-0.36961144650341415)*(x-0.36961144650341415)+0.12278312431618336*(x-0.36961144650341415)+1.1036229133605957
3,iterativefit,down_cferr2,4,0.0,2.5,140.0,10000.0,0.4710042006818278,0.5704520345692451,0.6141069216395325*(x-0.4710042006818278)*(x-0.4710042006818278)*(x-0.4710042006818278)-0.26440503086215394*(x-0.4710042006818278)*(x-0.4710042006818278)+0.0*(x-0.4710042006818278)+1.1124224662780762
3,iterativefit,down_cferr2,4,0.0,2.5,140.0,10000.0,0.5704520345692451,0.6610826921273488,3.0239954517285295*(x-0.5704520345692451)*(x-0.5704520345692451)*(x-0.5704520345692451)-1.073791253264716*(x-0.5704520345692451)*(x-0.5704520345692451)-0.03436869924572973*(x-0.5704520345692451)+1.110411524772644
3,iterativefit,down_cferr2,4,0.0,2.5,140.0,10000.0,0.6610826921273488,0.7419191152780705,12.382344495183757*(x-0.6610826921273488)*(x-0.6610826921273488)*(x-0.6610826921273488)-2.438040041324901*(x-0.6610826921273488)*(x-0.6610826921273488)-0.1544889792869672*(x-0.6610826921273488)+1.1007277965545654
3,iterativefit,down_cferr2,4,0.0,2.5,140.0,10000.0,0.7419191152780705,0.8216977896974734,-1.8878798352615236*(x-0.7419191152780705)*(x-0.7419191152780705)*(x-0.7419191152780705)-0.42081027321827674*(x-0.7419191152780705)*(x-0.7419191152780705)-0.3059155474496626*(x-0.7419191152780705)+1.0788487195968628
3,iterativefit,down_cferr2,4,0.0,2.5,140.0,10000.0,0.8216977896974734,0.9054120253408549,11.745378206979579*(x-0.8216977896974734)*(x-0.8216977896974734)*(x-0.8216977896974734)-1.9596630752088742*(x-0.8216977896974734)*(x-0.8216977896974734)-0.4091059279506727*(x-0.8216977896974734)+1.0508062839508057
3,iterativefit,down_cferr2,4,0.0,2.5,140.0,10000.0,0.9054120253408549,0.9848250495867759,-0.0014779023965044913*(x-0.9054120253408547)*(x-0.9054120253408547)*(x-0.9054120253408547)+0.007193706605381263*(x-0.9054120253408547)*(x-0.9054120253408547)-0.49027190842231805*(x-0.9054120253408547)+1.0097155570983887
3,iterativefit,down_cferr2,4,0.0,2.5,140.0,10000.0,0.9848250495867759,1.1,0.9708262085914612
